ds,Actual_Sales,Forecasted_Sales
2014-01-03,16.448,1548.287992446285
2014-01-04,288.06,1053.0685594809408
2014-01-05,19.536,1144.8036407008833
2014-01-06,4407.1,1270.094552075634
2014-01-07,87.15799999999999,612.5913818987003
2014-01-09,40.544,822.723358679321
2014-01-10,54.83,1043.492193238655
2014-01-11,9.94,613.4539233652413
2014-01-13,3553.795,973.150283456739
2014-01-14,61.96,390.2112116034907
2014-01-15,149.95,-467.72308515017767
2014-01-16,299.964,748.1845058915846
2014-01-18,64.864,674.7120500062096
2014-01-19,378.594,895.9315482903338
2014-01-20,2673.87,1146.681811128238
2014-01-21,25.248,607.9991882899068
2014-01-23,46.019999999999996,1026.1426156491773
2014-01-26,1097.25,1186.1578900385632
2014-01-27,426.67,1420.011085524892
2014-01-28,3.928,854.5897165169953
2014-01-30,240.5,1192.9702818964204
2014-01-31,290.666,1447.7496868789062
2014-02-01,468.9,1030.9870222961174
2014-02-02,211.64600000000002,1185.1339569530949
2014-02-03,97.11200000000001,1355.9765541454617
2014-02-04,134.38400000000001,726.7447920923843
2014-02-06,330.512,941.9402250871547
2014-02-07,180.32,1140.703080771217
2014-02-08,14.56,673.760589203915
2014-02-11,2043.4,267.59509305037864
2014-02-12,129.568,-668.1759266812837
2014-02-14,576.726,672.9491444055565
2014-02-15,21.36,226.20757885268586
2014-02-16,9.04,369.1526653765068
2014-02-17,54.208,548.4296769015631
2014-02-18,37.784,-52.32150314253272
2014-02-20,95.59,279.3062680293747
2014-02-21,8.85,564.5413675150874
2014-02-22,19.44,201.1884155659518
2014-02-23,11.364,431.34204751731204
2014-02-24,55.672,699.9097810917555
2014-02-27,19.456,693.193483536658
2014-03-01,2203.151,767.9620500300209
2014-03-02,202.384,1063.1624020155898
2014-03-03,1345.8919999999998,1387.3965807935401
2014-03-04,370.452,921.4196015312692
2014-03-05,705.562,170.19747057432483
2014-03-07,1561.062,1856.1606873061594
2014-03-10,741.956,2140.220676850885
2014-03-11,918.314,1635.9206890423857
2014-03-14,2108.55,2397.9031307796267
2014-03-15,370.78200000000004,2032.0672239025807
2014-03-16,471.92,2234.189968056843
2014-03-17,3960.358,2449.864569543781
2014-03-18,28106.716,1862.1049504562122
2014-03-19,590.762,978.3609483814107
2014-03-21,4109.816,2377.7655258701934
2014-03-22,464.09299999999996,1936.1662107717407
2014-03-23,945.064,2067.922076380675
2014-03-24,65.38,2219.739471885078
2014-03-25,459.146,1575.5659636238263
2014-03-26,145.13,643.5890772927281
2014-03-28,1823.8039999999999,1972.9791371482247
2014-03-29,890.841,1510.01827661572
2014-03-30,1170.3220000000001,1629.4376428590626
2014-03-31,1959.552,1777.6372647810765
2014-04-01,119.88799999999999,1138.0727764915566
2014-04-02,1458.558,218.27264682298528
2014-04-03,233.45,1368.5009793899937
2014-04-04,475.844,1591.3834528257116
2014-04-05,5295.098000000001,1158.0264815495568
2014-04-06,1650.69,1310.793724323333
2014-04-07,1021.1700000000001,1494.9719804054428
2014-04-08,1958.75,892.8997667078384
2014-04-11,1915.24,1457.1358379527521
2014-04-12,1912.123,1057.0526325074518
2014-04-13,638.576,1239.9087447292432
2014-04-15,294.71999999999997,870.3491420029721
2014-04-16,39.072,5.934824474560401
2014-04-18,1020.532,1472.8319457226933
2014-04-19,205.47,1076.19503523188
2014-04-20,1250.45,1258.2018511150893
2014-04-21,845.36,1463.9384244457626
2014-04-22,257.752,875.7961946835442
2014-04-23,643.98,0.5062006014825329
2014-04-25,2379.9939999999997,1440.0917991747122
2014-04-26,282.568,1028.4812812264488
2014-04-28,2578.476,1387.3333937480404
2014-04-29,768.8439999999999,786.6710191132096
2014-04-30,1048.74,-99.0157524214826
2014-05-02,506.12,1328.1872196208803
2014-05-03,72.632,915.3631525346302
2014-05-04,187.43200000000002,1084.9429701077106
2014-05-05,260.977,1282.8330508802815
2014-05-06,254.456,692.0814980094638
2014-05-07,1091.35,-180.10484494463344
2014-05-08,1799.97,1016.2999420928957
2014-05-09,394.48,1283.762268329875
2014-05-10,2343.799,893.3018324447852
2014-05-11,1642.802,1087.260206088602
2014-05-12,734.846,1310.95753755323
2014-05-13,898.382,746.8109869747448
2014-05-14,310.88,-98.62987210911297
2014-05-16,289.28,1416.501742230647
2014-05-17,91.68,1049.2824594719532
2014-05-18,948.9480000000001,1264.101778526336
2014-05-19,91.62,1505.7634198977344
2014-05-20,320.10400000000004,956.2431299562064
2014-05-21,4264.3279999999995,121.7351605675583
2014-05-22,180.93,1351.3399199037985
2014-05-23,323.75800000000004,1646.7098263231444
2014-05-24,116.28,1278.1830483273534
2014-05-25,119.53999999999999,1487.569009152486
2014-05-26,1325.718,1719.8176003319645
2014-05-27,2157.394,1157.1454551488755
2014-05-28,221.96800000000002,306.0743938272926
2014-05-30,1924.913,1789.369586056118
2014-05-31,773.7,1396.7139401277072
2014-06-01,5188.5199999999995,1580.5065995770756
2014-06-02,738.598,1786.273579178554
2014-06-03,741.336,1196.8130186209364
2014-06-04,456.272,319.2184158664704
2014-06-06,1374.0010000000002,1752.4125048298042
2014-06-07,281.397,1337.1482861124548
2014-06-08,2501.264,1500.512826481394
2014-06-09,5463.008,1688.3628086985123
2014-06-10,491.55,1083.752203625339
2014-06-13,14.52,1611.872287955741
2014-06-14,212.94,1193.4976522871596
2014-06-15,942.9739999999999,1356.6173644155906
2014-06-16,763.792,1546.8910563081558
2014-06-17,3418.5020000000004,947.1189177067089
2014-06-18,139.8,64.27068438945389
2014-06-20,1828.9496,1501.0645348347516
2014-06-21,4107.443,1093.8728643613317
2014-06-22,1975.498,1268.8371518773515
2014-06-23,109.49600000000001,1471.2487616931987
2014-06-24,4.272,883.5591766376833
2014-06-25,792.76,12.418312288028346
2014-06-27,616.14,1470.4132740201237
2014-06-28,1645.791,1072.2849429884868
2014-06-29,46.68,1255.0846738908126
2014-06-30,739.624,1464.0173911590648
2014-07-01,601.0239999999999,881.5007489878831
2014-07-02,79.56,14.201383048637581
2014-07-04,247.40800000000002,1476.1814145979463
2014-07-05,1444.104,1078.4433071149379
2014-07-06,1038.472,1260.7817005389677
2014-07-07,241.19400000000002,1468.5916994943602
2014-07-08,763.0740000000001,884.493450171113
2014-07-09,265.521,15.360012457781295
2014-07-11,2187.206,1473.7111179863641
2014-07-12,1960.012,1074.53939780473
2014-07-13,351.216,1255.9010729821148
2014-07-14,292.594,1463.307114985918
2014-07-15,9.51,879.4597705849537
2014-07-18,273.04,1473.6361826454167
2014-07-19,461.326,1077.4313055117782
2014-07-20,2285.786,1262.2896943971311
2014-07-21,1961.482,1473.604177129297
2014-07-22,1348.344,893.9383358020027
2014-07-23,2613.1839999999997,30.058574093985726
2014-07-25,8341.289999999999,1500.7430521691613
2014-07-26,5039.994,1108.25224750414
2014-07-27,580.06,1296.33884155566
2014-07-28,193.152,1510.2818296909911
2014-07-30,1367.84,69.88595625700782
2014-08-01,228.328,1540.7572441576544
2014-08-02,886.28,1147.3427211609433
2014-08-03,477.994,1333.9619119531037
2014-08-04,2743.154,1546.04604262359
2014-08-05,2408.7239999999997,966.2633700512847
2014-08-06,262.89,101.55216038566687
2014-08-08,3955.629,1569.4417124334016
2014-08-09,3605.6850000000004,1175.641245595981
2014-08-11,451.62,1577.223221042818
2014-08-12,1832.38,1001.261516256091
2014-08-15,842.7819999999999,1628.2748955250058
2014-08-16,853.092,1247.1141998308913
2014-08-17,500.342,1449.616207126245
2014-08-19,1439.106,1125.6615519214988
2014-08-20,1838.722,289.1465924531383
2014-08-22,23.104,1826.1731462493615
2014-08-23,565.224,1473.0231471352329
2014-08-24,59.74,1704.6974667666288
2014-08-25,1451.6499999999999,1966.4783807921854
2014-08-26,366.81,1440.7587216169193
2014-08-27,2070.13,634.0717839693699
2014-08-29,832.3225,2227.629268064516
2014-08-30,121.24,1900.0307750200564
2014-08-31,92.52,2154.6815389148405
2014-09-01,469.436,2436.3088027673193
2014-09-02,3254.15,1926.779994657905
2014-09-03,22.08,1132.1440080500465
2014-09-05,296.304,2735.714296316055
2014-09-06,100.36,2405.405202963767
2014-09-07,3523.875,2651.876479120507
2014-09-08,14228.428,2919.7147395503475
2014-09-09,4043.5879999999997,2390.734214477704
2014-09-10,1855.2279999999998,1571.0206024921756
2014-09-11,127.95,2809.61550154374
2014-09-12,4904.66,3108.158662873752
2014-09-13,1275.408,2737.017952033703
2014-09-14,5023.716,2938.0710959227335
2014-09-15,133.436,3156.3713414235617
2014-09-16,33.552,2574.2705363135
2014-09-17,820.523,1698.4548759571308
2014-09-19,9338.637,3117.1043839906743
2014-09-20,5335.968000000001,2685.006573087673
2014-09-21,2679.652,2824.958108571067
2014-09-22,1240.266,2982.7769053370116
2014-09-23,10662.337000000001,2341.5793301657122
2014-09-24,211.96,1408.8048971596397
2014-09-25,354.88880000000006,2534.880870539329
2014-09-26,1480.614,2722.844362701032
2014-09-27,773.4399999999999,2244.4521555172505
2014-09-28,490.29200000000003,2342.942643362864
2014-09-29,8109.07,2464.6823242634846
2014-09-30,987.532,1793.2706232465403
2014-10-01,4.71,836.5585348428503
2014-10-02,598.144,1945.3081958539942
2014-10-03,862.683,2122.8109961327546
2014-10-04,728.7479999999999,1640.9944596544333
2014-10-05,191.9,1743.1822855813793
2014-10-06,494.71,1875.7399560911858
2014-10-07,237.35999999999999,1222.1796672608632
2014-10-08,147.392,290.18003600318525
2014-10-09,249.35999999999999,1430.2476566165265
2014-10-10,2049.386,1645.338074910888
2014-10-11,1381.164,1206.9663719299172
2014-10-12,58.53,1357.9717071114567
2014-10-13,2212.182,1544.1681886415345
2014-10-14,4525.484,948.4557891958897
2014-10-15,206.72400000000002,77.84672246231389
2014-10-16,194.322,1282.1343157423892
2014-10-17,136.068,1563.5219066582881
2014-10-18,3134.916,1192.741912434062
2014-10-19,641.104,1411.8293727937219
2014-10-20,1501.104,1665.7822770995867
2014-10-21,1356.602,1136.6823334180597
2014-10-22,223.808,330.73150868789185
2014-10-24,56.49,1936.7221289283716
2014-10-25,103.882,1620.1129760581439
2014-10-26,447.88,1888.465283090406
2014-10-27,22.32,2186.163430054456
2014-10-28,1510.5819999999999,1694.7451968052371
2014-10-29,2813.8120000000004,919.9474068943863
2014-10-31,5362.026,2567.240409181727
2014-11-01,4732.08,2260.314194496119
2014-11-02,2126.37,2530.899087937496
2014-11-03,2784.163,2823.4112844638967
2014-11-04,6693.7480000000005,2319.5312183180586
2014-11-05,1694.564,1525.2492292936938
2014-11-06,43.68,2789.551300439539
2014-11-07,1449.142,3114.0620354206735
2014-11-08,333.576,2769.174685461695
2014-11-09,1574.094,2996.832218214591
2014-11-10,2002.556,3242.191470581409
2014-11-11,8114.548,2687.74381674421
2014-11-12,1054.7612,1840.347525737238
2014-11-14,1034.73,3318.957881069907
2014-11-15,1780.822,2918.8633425746425
2014-11-16,1355.9285,3092.4938142426545
2014-11-17,11544.274,3285.9145869049617
2014-11-18,3406.855,2682.4798667966897
2014-11-19,7226.086,1789.847259128309
2014-11-20,907.5600000000001,2958.6315872343466
2014-11-21,1249.622,3192.0158510768388
2014-11-22,1103.298,2761.849804822443
2014-11-23,1363.28,2911.400835731831
2014-11-24,5578.606,3086.9898803747255
2014-11-25,4415.695,2472.0864908648855
2014-11-26,1705.99,1574.3188769270153
2014-11-27,203.66,2744.1263746971117
2014-11-28,2280.83,2984.372280198
2014-11-29,649.044,2566.447589550906
2014-11-30,219.154,2733.0303138644963
2014-12-01,5624.39,2929.7330114427396
2014-12-02,1771.808,2339.2124806353618
2014-12-03,505.88,1468.1971661169036
2014-12-04,129.98,2666.1594437401295
2014-12-05,2963.642,2934.950282829139
2014-12-06,1970.978,2544.9263892299314
2014-12-07,548.4,2737.7339803903733
2014-12-08,1095.12,2957.9812808708884
2014-12-09,1522.652,2387.373094039136
2014-12-10,573.336,1531.7624247885676
2014-12-12,4938.4045,3012.818381876771
2014-12-13,293.152,2620.520981320782
2014-12-14,7641.658,2804.238314621707
2014-12-15,1264.466,3008.3844397312923
2014-12-16,4394.187,2414.6457662238395
2014-12-17,45.534,1529.0371758261997
2014-12-19,3436.7599999999998,2931.040850955499
2014-12-20,6962.4400000000005,2490.894396765496
2014-12-21,1933.44,2622.284562788508
2014-12-22,798.968,2770.605283912055
2014-12-23,942.108,2118.6405424545155
2014-12-24,1950.202,1173.5966453773167
2014-12-26,2041.414,2458.174992797819
2014-12-27,2966.388,1962.640681168923
2014-12-28,3732.2960000000003,2042.5765633889205
2014-12-29,2072.096,2144.604229188025
2014-12-30,2172.6510000000003,1452.6504323318254
2014-12-31,5253.2699999999995,474.9502872464386
2015-01-02,1932.096,1719.6015797852501
2015-01-03,1768.2215999999999,1218.0574576898075
2015-01-04,264.46000000000004,1301.8015495781756
2015-01-05,295.272,1417.5783313886109
2015-01-06,31.538,749.2172596889452
2015-01-09,364.07,1141.7357505420127
2015-01-10,1018.104,697.8370565299467
2015-01-12,854.614,1029.9285141079713
2015-01-13,622.278,433.8299899556198
2015-01-17,350.384,676.2823053368031
2015-01-19,301.742,1136.6082880202694
2015-01-23,43.66,1321.7625734623934
2015-01-24,13.12,966.2751440865375
2015-01-26,182.72,1429.4552968384132
2015-01-27,3573.252,873.4623822229391
2015-01-28,4297.644,25.258388553445457
2015-01-30,2161.6400000000003,1500.2735830397173
2015-01-31,99.26,1095.529489977288
2015-02-03,492.836,825.3219041643458
2015-02-06,2432.544,1263.9781722811554
2015-02-07,324.10999999999996,801.9992224197134
2015-02-08,129.09199999999998,916.2597926098932
2015-02-09,785.5519999999999,1053.7037366290651
2015-02-10,77.24,398.5753200325355
2015-02-14,1079.962,331.01585186792886
2015-02-15,1602.38,462.5679355564416
2015-02-16,160.43,628.8654581195168
2015-02-18,105.844,-874.723182202388
2015-02-20,316.78000000000003,582.5738967210799
2015-02-21,2591.1,202.55298242407184
2015-02-22,79.36,416.27741329967625
2015-02-23,37.775999999999996,668.9883813521402
2015-02-25,25.869999999999997,-655.9861373760489
2015-02-27,1159.2710000000002,975.6744084524464
2015-02-28,551.264,676.8149042574227
2015-03-01,1642.1743999999999,965.4712667477348
2015-03-02,899.5699999999999,1285.3791890456891
2015-03-05,1969.267,1380.428518039024
2015-03-06,1555.244,1759.7731619077467
2015-03-07,807.54,1473.5723408434437
2015-03-08,2563.2960000000003,1762.4450457566859
2015-03-09,478.008,2070.212338682896
2015-03-10,90.93199999999999,1578.0450264209073
2015-03-12,51.016000000000005,2059.32320630457
2015-03-13,1384.856,2382.881481416577
2015-03-14,707.9000000000001,2032.5109375499676
2015-03-15,16.776,2250.188008807884
2015-03-16,7230.209999999999,2481.2101274883466
2015-03-17,48.84,1908.308142127692
2015-03-19,5652.9396,2222.5866629919265
2015-03-20,1548.194,2463.0871223714767
2015-03-21,1270.3790000000001,2032.0115513933322
2015-03-22,2481.424,2172.778962353046
2015-03-23,633.302,2331.984009656112
2015-03-24,412.95,1693.512416401818
2015-03-26,4623.37,1899.122823569178
2015-03-27,83.7,2097.8957129754635
2015-03-28,243.344,1634.0618922476922
2015-03-29,1559.0800000000002,1751.1868089209042
2015-03-30,571.224,1895.820214333615
2015-03-31,200.716,1251.590319562135
2015-04-02,299.22,1470.1636059141617
2015-04-04,1484.598,1245.8470731994144
2015-04-05,2974.058,1391.4692229046827
2015-04-06,140.004,1568.6180711491022
2015-04-07,907.436,959.814202273443
2015-04-09,757.992,1253.5136105416289
2015-04-10,169.54199999999997,1507.1623457180983
2015-04-11,1328.346,1102.936842981359
2015-04-12,40.74,1282.5178461064284
2015-04-13,3192.6780000000003,1490.6143120904583
2015-04-14,35.208,909.1034635130898
2015-04-16,4161.972,1244.5754214596018
2015-04-17,2745.106,1512.1604479516163
2015-04-18,2006.96,1117.1332100221398
2015-04-19,329.96,1301.2838513517274
2015-04-20,1194.726,1509.571293497159
2015-04-21,893.0899999999999,924.250850309647
2015-04-22,152.916,51.912748025992414
2015-04-24,25.99,1497.2317551663384
2015-04-25,920.946,1088.1362158878985
2015-04-26,2090.1055,1257.400977106048
2015-04-27,2719.59,1450.7298736342589
2015-04-28,4044.3619999999996,851.1063562701318
2015-04-29,7.968,-34.18956224940507
2015-04-30,1571.695,1145.0750025417206
2015-05-01,450.94,1391.699432145192
2015-05-02,167.232,977.151153869711
2015-05-03,2198.76,1144.319896102871
2015-05-04,1121.362,1339.1574529750112
2015-05-07,305.622,1060.3552850139833
2015-05-08,3981.968,1323.014781242173
2015-05-09,48.81,927.5842692768372
2015-05-10,154.442,1116.529214661067
2015-05-11,191.968,1335.2954008909494
2015-05-12,1060.35,766.4238216025778
2015-05-13,238.384,-83.41734990675809
2015-05-14,3141.1994999999997,1135.243166908977
2015-05-15,69.908,1424.3169500983088
2015-05-16,255.968,1054.2841917961894
2015-05-17,134.46800000000002,1266.9771052582764
2015-05-18,10.86,1507.2503563685652
2015-05-20,169.54399999999998,122.76820850775357
2015-05-21,72.332,1353.3132160391892
2015-05-22,3862.0980000000004,1650.3733396149923
2015-05-23,1304.956,1284.242895241293
2015-05-24,610.3069999999999,1496.6709520786146
2015-05-25,1739.4180000000001,1732.5324491755239
2015-05-26,982.5640000000001,1173.9567299939465
2015-05-28,794.146,1542.1681758686284
2015-05-29,1204.842,1820.368174756079
2015-05-30,681.1,1432.716351104702
2015-05-31,5178.138,1621.469563198608
2015-06-01,834.1980000000001,1832.0504057669234
2015-06-04,1192.31,1561.9638213265914
2015-06-05,1533.1979999999999,1814.1999545441324
2015-06-07,59.768,1567.4421683138135
2015-06-08,1083.112,1757.0159756569706
2015-06-09,797.116,1153.554383737538
2015-06-11,3373.5640000000003,1439.5418642588925
2015-06-12,174.476,1681.8477502421356
2015-06-13,1128.898,1262.5609501295694
2015-06-14,51.072,1424.3702198960546
2015-06-15,734.144,1612.9988633936757
2015-06-16,3443.904,1011.3155795655962
2015-06-18,1883.087,1308.018685253289
2015-06-19,446.346,1558.6427705694996
2015-06-20,829.544,1149.1810758491533
2015-06-21,107.976,1321.949048490869
2015-06-22,2018.953,1522.2919332095576
2015-06-23,836.9580000000001,932.7068553067419
2015-06-25,857.08,1253.4417327894091
2015-06-26,1592.1960000000001,1515.3413033731345
2015-06-28,1386.466,1298.4690789875713
2015-06-29,432.92600000000004,1507.0019938391333
2015-07-02,1631.902,1254.724612201073
2015-07-03,823.982,1519.5064690518266
2015-07-04,1138.288,1122.1682599660928
2015-07-05,121.646,1304.954841480485
2015-07-06,1379.812,1513.2221444219315
2015-07-08,21.12,60.78824748609509
2015-07-09,1587.114,1256.6923061828268
2015-07-10,43.286,1519.5839381243322
2015-07-11,1941.952,1120.4493282134229
2015-07-12,2052.567,1301.7098039363204
2015-07-13,2033.2559999999999,1508.874053836258
2015-07-14,860.9159999999999,924.6490714176891
2015-07-16,3029.386,1252.6437326264977
2015-07-17,448.082,1517.0209117762904
2015-07-18,672.418,1120.0649801270126
2015-07-19,2.025,1304.1443273415307
2015-07-20,2693.168,1514.6829663714257
2015-07-23,208.272,1270.6841689099156
2015-07-24,525.95,1539.3487723747942
2015-07-25,2395.024,1146.5210433342743
2015-07-26,969.225,1334.415398407042
2015-07-27,29.97,1548.3153594427574
2015-07-30,443.802,1310.6185689217814
2015-07-31,3712.162,1579.9254856398475
2015-08-01,1011.696,1187.0053193159101
2015-08-02,1290.478,1374.130919381203
2015-08-05,72.65,142.8244867708263
2015-08-06,494.86920000000003,1343.1168799367063
2015-08-07,968.206,1610.5664869131745
2015-08-08,840.102,1216.2656205970097
2015-08-09,4878.392000000001,1402.770164825387
2015-08-10,851.4739999999999,1615.7542192661017
2015-08-11,196.112,1038.1222454587646
2015-08-13,586.896,1382.5701688277004
2015-08-15,497.59000000000003,1272.6619217351013
2015-08-16,3378.9320000000002,1471.306060717773
2015-08-17,381.64,1698.9253194636833
2015-08-21,2827.52,1823.5034103127216
2015-08-22,66.632,1464.9510103614157
2015-08-23,1202.278,1691.2526824333004
2015-08-24,7194.775000000001,1947.7932397161137
2015-08-25,178.52599999999998,1417.0716722992506
2015-08-27,639.9739999999999,1863.2185313200778
2015-08-28,6491.293,2191.4377587032836
2015-08-29,246.5,1860.8491678421572
2015-08-31,2601.797,2393.470737688378
2015-09-01,2367.564,1883.4286563678543
2015-09-03,1874.898,2359.856130860196
2015-09-04,1071.284,2696.7342133515085
2015-09-05,934.1030000000001,2369.9471653683486
2015-09-06,1005.654,2620.9798166876885
2015-09-07,2922.667,2894.397770864546
2015-09-08,89.64,2371.9775245432497
2015-09-10,1415.726,2806.689483878914
2015-09-11,1962.13,3114.349342651184
2015-09-12,707.824,2753.0007950936633
2015-09-13,3445.772,2964.4123727158476
2015-09-14,3262.42,3193.5180106817925
2015-09-15,2535.85,2622.541960826293
2015-09-16,31.12,1758.0364876435533
2015-09-17,11525.006,2949.5592094502676
2015-09-18,3924.32,3199.307477690918
2015-09-19,500.38,2778.239846920196
2015-09-20,1836.052,2928.8488807248254
2015-09-21,6982.058,3096.8175899055987
2015-09-22,1783.504,2465.133181130755
2015-09-24,4220.594,2675.073366363801
2015-09-25,3033.757,2869.9479343997737
2015-09-26,3722.273,2397.4040206370205
2015-09-27,2382.958,2500.6030591875865
2015-09-28,1058.364,2625.8485416157077
2015-10-01,1158.414,2109.3686862205777
2015-10-02,1269.266,2285.237061083063
2015-10-03,275.218,1800.4967397067974
2015-10-04,505.58,1898.5010007555527
2015-10-05,851.092,2025.840637463209
2015-10-08,222.12,1558.0688404044108
2015-10-09,2133.5350000000003,1763.8127202013504
2015-10-10,2248.194,1315.3088629286149
2015-10-11,1011.8955,1455.516862523454
2015-10-12,2390.758,1630.380017003763
2015-10-13,371.65999999999997,1022.9348284829666
2015-10-15,3219.554,1332.522997057288
2015-10-16,824.97,1601.848636712413
2015-10-17,77.88,1219.1949871661795
2015-10-18,378.494,1426.7457679094553
2015-10-19,2135.09,1669.6446514078077
2015-10-20,720.086,1130.1141121053215
2015-10-22,15.128,1571.8991085606713
2015-10-23,2262.296,1903.896287764865
2015-10-24,831.145,1580.5926629591959
2015-10-25,1425.412,1843.4376588205434
2015-10-26,1395.333,2136.887927358526
2015-10-28,104.51,866.1567657062963
2015-10-29,244.24,2156.390012455696
2015-10-30,2122.044,2514.390583827175
2015-10-31,3211.009,2209.9617540123854
2015-11-01,3106.1059999999998,2484.344404704294
2015-11-02,5528.551,2781.8911683364195
2015-11-03,2800.846,2284.199302863959
2015-11-05,834.874,2769.6322057049156
2015-11-06,11.481,3103.113872985934
2015-11-07,3073.073,2767.8475128954515
2015-11-08,12196.997,3005.616942388398
2015-11-09,4620.2919999999995,3261.4114810359642
2015-11-10,3536.904,2717.5495728757105
2015-11-11,542.178,1880.714303240953
2015-11-12,1127.992,3100.6276006286516
2015-11-13,3591.0771999999997,3379.680458360542
2015-11-14,2512.71,2989.0491904958635
2015-11-15,702.17,3171.4619539597757
2015-11-16,4072.334,3372.8478500470364
2015-11-17,3885.986,2776.4423343100625
2015-11-19,1040.784,3063.4729074503557
2015-11-20,2861.15,3300.755641891807
2015-11-21,3613.5748,2873.300361979668
2015-11-22,614.499,3024.375752333299
2015-11-23,3450.1879999999996,3200.3313082623013
2015-11-24,1218.7640000000001,2584.6921679639972
2015-11-25,13.12,1685.1683063467774
2015-11-26,1484.0819999999999,2852.3055409987646
2015-11-27,3109.7835,3089.096302769061
2015-11-28,1864.482,2667.080742477174
2015-11-29,2760.168,2829.1028862369826
2015-11-30,1798.3970000000002,3020.954540597517
2015-12-01,7130.594,2425.4809588979406
2015-12-03,1972.645,2742.9894828107563
2015-12-04,5185.814,3007.6779232537438
2015-12-05,897.322,2614.206272485529
2015-12-06,6061.502,2804.387496200411
2015-12-07,1338.298,3022.9786526830803
2015-12-08,2672.728,2451.8114504660716
2015-12-09,34.02,1596.8402924378167
2015-12-10,3080.38,2806.834427965954
2015-12-11,1590.894,3083.0312555283
2015-12-12,1448.854,2695.2803766476723
2015-12-13,1023.386,2884.842104132285
2015-12-14,858.304,3096.0721017668425
2015-12-15,5494.796,2510.5651530969108
2015-12-16,4.98,1634.2127393723779
2015-12-17,1918.492,2815.9007283128285
2015-12-18,935.288,3057.16398707871
2015-12-19,6120.656,2628.3273898980697
2015-12-20,1107.464,2771.2968976903467
2015-12-21,3257.7599999999998,2931.2324691907047
2015-12-22,473.313,2290.6759919814785
2015-12-23,194.32,1356.5892106647507
2015-12-24,7484.566000000001,2479.0283522749573
2015-12-25,4204.968,2660.7727543151523
2015-12-26,561.486,2173.4375411326087
2015-12-27,5148.4472,2260.2346718091458
2015-12-28,79.2,2367.614820659535
2015-12-29,6.36,1679.364019569545
2015-12-30,3251.34,703.6108015923339
2015-12-31,1381.344,1791.6271251173875
2016-01-02,405.91999999999996,1441.9971346306165
2016-01-03,2095.83,1520.530191098195
2016-01-04,1069.22,1629.3998482178915
2016-01-05,255.904,952.5692034610197
2016-01-07,83.576,1116.9192834325222
2016-01-08,1859.1580000000001,1312.1739331859153
2016-01-09,743.0459999999999,855.5752309019196
2016-01-10,174.75,990.0269673914745
2016-01-11,149.444,1161.292725595076
2016-01-14,405.344,861.901803494025
2016-01-15,701.923,1131.9642387177082
2016-01-16,102.21799999999999,749.48209089773
2016-01-17,1040.55,955.7942974003837
2016-01-21,1167.056,1063.4146523657412
2016-01-22,917.63,1373.2305625269112
2016-01-23,1732.3,1020.9082693852275
2016-01-24,31.36,1247.189421384046
2016-01-25,858.712,1495.9529423936
2016-01-28,39.68,1329.3176735451489
2016-01-30,3107.316,1215.403540084911
2016-01-31,1601.5539999999999,1394.1228309377154
2016-02-01,161.97,1589.0481670819456
2016-02-02,8996.784,982.7776963272669
2016-02-03,866.4,82.3927713885762
2016-02-04,197.868,1238.1259229655032
2016-02-05,2994.476,1452.9814783559393
2016-02-06,132.224,998.8391232566931
2016-02-07,762.142,1119.2050084574375
2016-02-08,1369.476,1260.843159359818
2016-02-09,121.83,607.8614237102867
2016-02-11,69.93,794.8063304681125
2016-02-12,1366.04,990.1466261608895
2016-02-13,146.82,527.3651448561338
2016-02-14,837.921,650.4763142801854
2016-02-15,407.072,806.4909942701104
2016-02-16,1135.638,179.49542022655078
2016-02-19,392.65999999999997,705.1841254958425
2016-02-20,16.496,309.35076409849216
2016-02-21,1524.126,507.1767760368566
2016-02-22,983.17,744.1437285143464
2016-02-23,57.576,202.75616953567123
2016-02-25,46.72,653.4029407795781
2016-02-27,243.892,686.8122687277455
2016-02-28,36.48,967.1055213712251
2016-02-29,111.104,1280.708686718097
2016-03-01,6285.8060000000005,808.5844363525521
2016-03-03,7264.422,1370.290713205739
2016-03-04,315.45,1752.4212058297462
2016-03-05,162.344,1471.2522113484654
2016-03-06,811.303,1767.2975242102575
2016-03-07,21.072,2084.229767432019
2016-03-08,2190.81,1603.0319856396327
2016-03-09,635.6,829.0604294839569
2016-03-10,7879.734,2110.744783247201
2016-03-11,896.0219999999999,2449.242686622803
2016-03-12,1694.6419999999998,2114.578144250214
2016-03-13,8866.882,2348.427703872616
2016-03-14,669.3679999999999,2595.7864389471206
2016-03-15,2356.808,2039.0872638080816
2016-03-17,2360.3340000000003,2384.239970100363
2016-03-18,1061.682,2638.895936020144
2016-03-19,138.68,2220.821123757493
2016-03-20,928.311,2373.238876559045
2016-03-21,645.7059999999999,2542.603770177254
2016-03-22,226.46800000000002,1912.6898670315882
2016-03-24,745.774,2130.36183018963
2016-03-25,1346.97,2332.6149501408845
2016-03-26,682.246,1870.6099079428216
2016-03-27,92.69999999999999,1987.99419250562
2016-03-28,125.30000000000001,2131.432178242269
2016-03-29,2659.339,1484.6953317474984
2016-03-30,11.34,555.6697478846227
2016-03-31,640.762,1695.0084747169544
2016-04-01,2161.48,1905.7464840076836
2016-04-02,1454.9,1459.4086619284274
2016-04-03,441.198,1598.7752411481622
2016-04-04,970.194,1769.5369996270963
2016-04-05,1046.3339999999998,1154.4137895391568
2016-04-06,1294.75,260.2387768132144
2016-04-07,1970.574,1436.4989238978176
2016-04-08,2906.404,1685.1210707685973
2016-04-09,1115.197,1276.560954760106
2016-04-10,950.594,1452.5950213330934
2016-04-12,1542.53,1074.6895921601777
2016-04-13,6.12,208.7739062697101
2016-04-14,1466.572,1409.249687596521
2016-04-15,2201.8559999999998,1677.6564203588762
2016-04-16,9335.086000000001,1284.2168293468437
2016-04-17,421.08500000000004,1470.6291249554079
2016-04-18,2514.538,1681.7422474355183
2016-04-19,1414.132,1099.68731749367
2016-04-21,271.616,1424.9025046256334
2016-04-22,1765.4650000000001,1683.7364961932713
2016-04-23,720.368,1278.2870104735644
2016-04-24,1607.1,1450.9516129066576
2016-04-25,108.42,1647.3132505550611
2016-04-26,434.646,1050.248644339135
2016-04-28,486.672,1347.574436096023
2016-04-30,142.208,1180.29908230507
2016-05-01,517.866,1346.7238718407345
2016-05-02,1098.136,1540.122545406254
2016-05-03,1099.013,943.6485815998745
2016-05-05,2701.28,1253.335218619038
2016-05-06,236.96,1512.3687218051539
2016-05-07,4835.976,1112.9979600474858
2016-05-08,1340.2440000000001,1297.8051259177191
2016-05-09,1283.512,1512.3589043050122
2016-05-10,763.0200000000001,939.3258230533538
2016-05-11,5.98,85.49866713767938
2016-05-12,918.878,1300.4689373694825
2016-05-14,455.93,1213.4561584424496
2016-05-15,648.9119999999999,1423.9758542945938
2016-05-16,880.4599999999999,1662.7473933972694
2016-05-17,346.922,1111.834105031061
2016-05-18,122.22,277.47973014120726
2016-05-19,1582.008,1508.795312105666
2016-05-20,2471.913,1807.4053748515125
2016-05-21,2718.2140000000004,1443.583057450423
2016-05-22,1799.2,1659.0379334201814
2016-05-23,10560.978000000001,1898.588550133508
2016-05-24,277.756,1344.292749018619
2016-05-25,1311.97,502.4908361952341
2016-05-26,1975.356,1722.4882392914897
2016-05-27,5305.078,2006.194858824725
2016-05-28,2137.324,1624.2510126316024
2016-05-29,1063.185,1818.8040993947777
2016-05-30,8090.578,2035.1681973458205
2016-05-31,438.85900000000004,1455.9402368791082
2016-06-02,157.844,1781.3181194766364
2016-06-03,71.088,2038.2984954427725
2016-06-04,2316.5229999999997,1630.1708492863079
2016-06-05,659.82,1799.6125599905606
2016-06-06,6026.312,1992.4236066895435
2016-06-07,51.562,1391.6315075539708
2016-06-09,1688.4720000000002,1681.2394170986925
2016-06-10,1412.3960000000002,1924.524630769225
2016-06-11,1623.416,1505.704194716747
2016-06-12,2962.563,1667.5120161847522
2016-06-13,430.43800000000005,1855.7260246268913
2016-06-14,3457.099,1253.2770430498585
2016-06-15,173.488,367.2734589157749
2016-06-16,147.27499999999998,1547.6687743505697
2016-06-17,3000.92,1796.8895618102883
2016-06-18,541.938,1385.9539263851063
2016-06-19,17.12,1557.244685722883
2016-06-20,1229.548,1756.1694509486629
2016-06-21,577.108,1165.2811012611228
2016-06-23,2475.094,1483.8613454734677
2016-06-24,5310.952,1745.0149355463438
2016-06-25,893.266,1345.490410208148
2016-06-26,1919.6000000000001,1527.408720567111
2016-06-27,778.7059999999999,1735.9617687724838
2016-06-28,877.156,1153.536938516378
2016-06-29,191.88,286.7554071983013
2016-06-30,1352.9499999999998,1485.15097293962
2016-07-01,1724.376,1750.8066589820005
2016-07-02,772.786,1354.479021971831
2016-07-03,847.6999999999999,1538.387083681523
2016-07-04,1651.301,1747.834126426002
2016-07-07,3882.2309999999998,1494.808786995059
2016-07-08,2616.512,1758.7436998718313
2016-07-09,573.286,1360.544934459653
2016-07-10,895.895,1542.6158007288857
2016-07-12,95.76,1166.7619130246946
2016-07-14,2149.96,1495.419493732412
2016-07-15,380.2,1759.9523158374168
2016-07-16,910.17,1363.0615745453883
2016-07-17,2184.88,1547.1414817632774
2016-07-18,2891.858,1757.6450852771077
2016-07-19,1536.454,1177.1982127214133
2016-07-20,89.95,312.6286958199107
2016-07-21,991.095,1513.637907262465
2016-07-22,1368.048,1782.4321034960537
2016-07-23,654.587,1389.8436553826905
2016-07-24,326.964,1578.106371511157
2016-07-25,5920.488,1792.5171030492395
2016-07-28,2033.374,1557.2323958155466
2016-07-29,819.154,1827.605650472776
2016-07-30,1770.7759999999998,1435.8473782765977
2016-07-31,2174.1580000000004,1624.1975268601655
2016-08-01,1124.648,1838.0007767464438
2016-08-02,482.584,1259.828724279631
2016-08-03,248.82,396.51553968319786
2016-08-04,497.90999999999997,1597.833869003525
2016-08-05,197.05,1866.1282742148983
2016-08-06,320.38800000000003,1472.4361657083687
2016-08-07,179.97,1659.2603794088925
2016-08-08,1115.204,1872.2256122140302
2016-08-09,661.3539999999999,1294.192325707242
2016-08-11,151.82,1636.5510689747084
2016-08-12,3951.9605,1909.600172742002
2016-08-13,731.524,1522.7005016179596
2016-08-14,923.688,1718.5501132963766
2016-08-15,1680.2659999999998,1942.923629077872
2016-08-16,204.54000000000002,1378.7788587416162
2016-08-17,15.712,533.2774061906105
2016-08-18,496.114,1756.4809007734632
2016-08-19,448.792,2050.8684370676765
2016-08-20,14.78,1687.5498495813956
2016-08-21,4798.2919999999995,1908.9950467094336
2016-08-22,405.35,2160.6840521788913
2016-08-23,4187.348,1625.217169077429
2016-08-26,4874.298,2387.0471587526795
2016-08-27,767.9110000000001,2053.201947485923
2016-08-28,322.0248,2302.984847179887
2016-08-29,632.188,2581.2987156514027
2016-08-30,1656.8700000000001,2070.166580601266
2016-08-31,23.968,1275.769393497245
2016-09-01,5766.152,2547.126510182311
2016-09-02,6792.193,2885.73620196001
2016-09-03,2365.596,2561.7061005382793
2016-09-04,4532.0419999999995,2816.5376180327994
2016-09-05,5226.348,3094.796386638729
2016-09-06,1313.536,2578.242104084576
2016-09-08,4493.9836000000005,3027.61068709372
2016-09-09,84.992,3343.9454276936617
2016-09-10,2094.324,2992.0669579644737
2016-09-11,6501.586,3213.6495969201633
2016-09-12,2043.792,3453.520882378879
2016-09-13,2374.73,2893.788117186006
2016-09-14,1137.338,2040.8778621238312
2016-09-15,2101.1820000000002,3244.2152006639662
2016-09-16,425.88599999999997,3505.860130279423
2016-09-17,2043.126,3096.631094898904
2016-09-18,4751.082,3258.879866418676
2016-09-19,3839.312,3438.1500361713797
2016-09-20,1232.004,2817.2927614559408
2016-09-22,615.57,3046.948250231242
2016-09-23,1322.145,3250.4723671451375
2016-09-24,2286.05,2785.62961106663
2016-09-25,3443.091,2895.4883406380036
2016-09-26,2698.1665,3026.2717362512303
2016-09-27,1992.9858,2361.4643351111154
2016-09-28,99.136,1408.8320024490897
2016-09-29,1307.792,2519.082451363436
2016-09-30,525.884,2695.483924870161
2016-10-01,781.414,2209.976605318384
2016-10-02,18452.972,2305.919535826196
2016-10-03,1680.696,2429.748708855861
2016-10-04,5912.782,1765.0768585676758
2016-10-06,830.4000000000001,1944.317777013634
2016-10-07,973.712,2142.032310647919
2016-10-08,561.5360000000001,1684.5772382737414
2016-10-09,546.92,1815.0198218692965
2016-10-10,282.75300000000004,1979.4213966886227
2016-10-11,33.064,1360.9455943750208
2016-10-13,1650.618,1647.3109747211665
2016-10-14,3335.888,1904.7311434781304
2016-10-15,1620.15,1510.1731244044015
2016-10-16,142.182,1705.9704153028022
2016-10-17,2953.346,1937.415821375367
2016-10-18,307.92,1386.878427488423
2016-10-20,946.174,1808.5519299178727
2016-10-21,7951.592,2131.707824189756
2016-10-22,188.28,1800.5324424190037
2016-10-23,467.42199999999997,2056.5805952489495
2016-10-24,1365.498,2344.4006004903094
2016-10-25,783.96,1845.661735023865
2016-10-27,978.7900000000001,2354.6895984130074
2016-10-28,2899.0209999999997,2712.315748718711
2016-10-29,131.154,2408.8815564732326
2016-10-30,159.002,2685.6101823079944
2016-10-31,3750.4990000000003,2986.8160390757484
2016-11-01,453.374,2494.037836401239
2016-11-03,3802.7960000000003,2992.729461951167
2016-11-04,3888.8179999999998,3334.344027681824
2016-11-05,4266.8988,3008.0437122652447
2016-11-06,773.2560000000001,3255.4674018788337
2016-11-07,3810.464,3521.447789697657
2016-11-08,993.9000000000001,2988.1376263314833
2016-11-09,479.97,2162.0481311066915
2016-11-10,4723.478,3392.726306857912
2016-11-11,4944.296,3682.3884380741224
2016-11-12,4914.938,3302.039724758146
2016-11-13,2945.138,3494.244216261231
2016-11-14,2774.0620000000004,3704.7773325385997
2016-11-15,2145.718,3116.734394451065
2016-11-16,36.72,2237.5510444121087
2016-11-17,142.684,3417.6621965805707
2016-11-18,3958.9320000000002,3660.1174133956306
2016-11-19,638.462,3236.683014209272
2016-11-20,3070.333,3390.5954862620238
2016-11-21,1176.891,3568.1988411024286
2016-11-22,317.044,2953.039958481606
2016-11-23,100.61599999999999,2052.8776979716813
2016-11-24,6394.5380000000005,3218.333210833346
2016-11-25,7978.551,3452.4994006435695
2016-11-26,8329.743,3027.040114950182
2016-11-27,1651.239,3184.943806161115
2016-11-28,3428.372,3372.1644036566718
2016-11-29,300.592,2771.7234637179954
2016-11-30,970.142,1890.7293237985657
2016-12-01,7365.455,3079.040560301304
2016-12-02,4684.616,3338.8914850939746
2016-12-03,5269.816,2941.0099727870643
2016-12-04,944.2860000000001,3127.3919936118346
2016-12-05,5267.004,3342.96516446965
2016-12-06,3878.276,2769.7148973016747
2016-12-08,4709.095,3123.8828142717057
2016-12-09,1855.483,3401.495965444894
2016-12-10,3459.71,3016.467194161627
2016-12-11,6102.25,3210.0742714836015
2016-12-12,1981.115,3426.65680491757
2016-12-13,1194.088,2847.759623340453
2016-12-14,828.654,1979.19078526523
2016-12-15,2637.087,3169.72052043873
2016-12-16,628.5419999999999,3420.7379062319437
2016-12-17,12185.134,3002.3947169952166
2016-12-18,7051.35,3156.4000713052696
2016-12-19,815.1120000000001,3327.697564944019
2016-12-20,134.54,2698.5979885849792
2016-12-22,1043.128,2909.1828444537623
2016-12-23,6965.857,3101.2157604135373
2016-12-24,1938.26,2623.301541570511
2016-12-25,10488.055,2718.4308723389495
2016-12-26,1829.418,2832.852368131169
2016-12-27,959.49,2150.1742160494655
2016-12-29,1277.68,2268.4592618718452
2016-12-30,773.774,2424.0492046413797
2016-12-31,731.768,1917.4879813055531
2017-01-01,1481.8280000000002,1992.574614743661
2017-01-02,2079.554,2096.190453601916
2017-01-03,2070.272,1412.3825856273274
2017-01-06,33.74,1742.1401554006063
2017-01-07,3395.59,1273.2703110190037
2017-01-08,892.98,1394.687856540139
2017-01-09,274.491,1552.4283271724833
2017-01-12,848.52,1212.4016384726283
2017-01-13,4619.33,1469.8698651284978
2017-01-14,1056.038,1075.7349046612865
2017-01-15,2140.28,1271.5892786659022
2017-01-16,6230.2919999999995,1501.8993740155684
2017-01-19,2013.715,1353.3705868578793
2017-01-20,767.838,1661.4095837229381
2017-01-21,2546.643,1309.3068421380722
2017-01-22,4212.372,1537.7844241363148
2017-01-23,450.334,1790.6544397756427
2017-01-24,418.66599999999994,1248.9735476043452
2017-01-26,3055.2799999999997,1646.455253320075
2017-01-27,331.914,1935.0788756084971
2017-01-28,1007.52,1553.8858136013607
2017-01-29,294.842,1744.4097655094652
2017-01-30,3749.335,1951.4921674631175
2017-02-02,913.354,1635.973883002203
2017-02-03,922.327,1861.227692782783
2017-02-04,32.67,1416.2911814736126
2017-02-05,2263.012,1544.410606618424
2017-02-06,904.354,1692.1222579397574
2017-02-09,773.7639999999999,1232.5410965561118
2017-02-10,227.103,1425.7757742437348
2017-02-11,1241.516,958.7138586303597
2017-02-13,1058.43,1222.994815209709
2017-02-16,1337.442,832.4915495681369
2017-02-17,2964.8174,1071.1707812048196
2017-02-18,287.326,659.7365228053661
2017-02-19,1314.59,841.2678571607116
2017-02-20,1150.29,1061.6731009556563
2017-02-21,47.904,503.79374204263854
2017-02-23,117.79999999999998,923.0054545106959
2017-02-24,1448.676,1251.2171086242938
2017-02-25,430.49199999999996,929.1526322118971
2017-02-26,2847.6459999999997,1198.0869310271516
2017-02-28,17.62,1022.5255716587951
2017-03-02,1450.126,1575.7957924554942
2017-03-03,2000.1039999999998,1957.1497636024746
2017-03-04,228.822,1677.5165270417854
2017-03-05,1240.02,1977.3627504736833
2017-03-06,778.236,2300.2671711135604
2017-03-07,166.59,1827.0748742485732
2017-03-08,843.1,1062.9637621050006
2017-03-09,710.804,2356.1493645149094
2017-03-10,1252.952,2707.544720890547
2017-03-11,1973.708,2386.904787648647
2017-03-12,353.28,2635.6190980388064
2017-03-13,4791.35,2898.3845462902937
2017-03-14,49.616,2357.3316539730336
2017-03-16,2014.381,2733.3063805277643
2017-03-17,542.746,3002.573476869947
2017-03-18,1027.758,2598.23241736167
2017-03-19,2166.248,2763.280844053874
2017-03-20,899.568,2943.979076796242
2017-03-21,3332.636,2323.9419952936355
2017-03-23,14816.068,2556.551895468817
2017-03-24,1257.298,2763.7424976257994
2017-03-25,3567.026,2304.9715859484736
2017-03-26,3252.88,2423.9235248099653
2017-03-27,2933.516,2567.3360501633747
2017-03-28,1504.702,1919.087450038302
2017-03-29,81.4,987.2003223750271
2017-03-30,656.407,2122.48948229542
2017-03-31,4981.010799999999,2328.172002405672
2017-04-01,5972.988,1875.9698987521454
2017-04-02,822.97,2008.870028439817
2017-04-03,32.528,2172.7736724617
2017-04-04,808.47,1550.609533847113
2017-04-06,114.41999999999999,1818.7651165470593
2017-04-07,1971.2905,2060.9089368931404
2017-04-08,6401.93,1646.4053060454794
2017-04-09,1626.71,1817.1596285832356
2017-04-10,755.529,2018.0507125478757
2017-04-11,319.806,1431.0682908296512
2017-04-12,69.66,562.3662785044155
2017-04-13,1345.8239999999998,1760.9580766668882
2017-04-14,652.93,2028.3707266036085
2017-04-15,332.338,1634.7873583487033
2017-04-16,944.429,1821.8415686077465
2017-04-17,3431.4590000000003,2034.2954301197396
2017-04-20,2033.24,1784.5407550664672
2017-04-21,1254.564,2046.3211502480858
2017-04-22,947.692,1643.8773711785075
2017-04-23,1199.222,1819.4672681299799
2017-04-24,928.558,2018.540033071032
2017-04-25,678.113,1423.848473849399
2017-04-26,61.608000000000004,542.4723845404933
2017-04-27,576.5756,1724.4802613942077
2017-04-28,795.296,1972.5471869710054
2017-04-29,1053.26,1558.059395891363
2017-04-30,1390.1260000000002,1723.8702470728924
2017-05-01,4108.37,1915.940384669923
2017-05-02,399.11,1317.4362451582856
2017-05-03,1386.346,435.7427753077395
2017-05-04,1389.4050000000002,1621.1178416918087
2017-05-05,185.123,1876.3062877884286
2017-05-06,3183.3698,1472.6441857696568
2017-05-07,2549.468,1652.817943059281
2017-05-08,3658.5540000000005,1862.5108859607697
2017-05-09,1078.222,1284.51122935791
2017-05-11,449.469,1635.9047775039517
2017-05-12,970.384,1917.1604109398302
2017-05-13,3066.378,1540.2006666537654
2017-05-14,4182.062,1747.0510356435016
2017-05-15,421.264,1982.7311278828522
2017-05-16,221.024,1429.3812452463942
2017-05-18,1830.508,1823.6554119044695
2017-05-19,4919.182,2122.0790327725617
2017-05-20,2997.578,1758.8519473747522
2017-05-21,538.02,1975.6672811746494
2017-05-22,336.56199999999995,2217.3085643202703
2017-05-23,241.436,1665.7813219828813
2017-05-25,886.026,2051.2624380250422
2017-05-26,270.24,2339.3121830007876
2017-05-27,2084.908,1962.0465469097844
2017-05-28,1480.103,2161.506373951466
2017-05-29,691.108,2382.8964980780606
2017-05-30,736.8904,1808.704829631026
2017-06-01,5058.362,2143.767969257822
2017-06-02,135.70600000000002,2405.205013394072
2017-06-03,2952.036,2001.1642974022068
2017-06-04,279.414,2174.253576717282
2017-06-05,491.11199999999997,2370.21673857681
2017-06-06,31.349999999999998,1772.0397339703259
2017-06-08,2227.038,2065.1760323224344
2017-06-09,939.1329999999999,2309.366862031124
2017-06-10,2513.3430000000003,1890.8986337738893
2017-06-11,1580.894,2052.5361047388205
2017-06-12,1679.968,2240.099701153918
2017-06-13,1156.018,1636.5726812963544
2017-06-15,4057.51,1927.7731515218293
2017-06-16,2724.194,2175.0171835574374
2017-06-17,3896.672,1761.9457183975176
2017-06-18,1031.1555,1931.0125917830835
2017-06-19,2115.941,2127.69375676636
2017-06-20,1028.228,1534.605870475094
2017-06-21,595.656,658.5406465741676
2017-06-22,579.019,1849.1417639586368
2017-06-24,1287.614,1707.4875455061867
2017-06-25,1508.3519999999999,1888.122191343494
2017-06-26,4224.136,2095.648905562474
2017-06-27,1644.906,1512.456648779832
2017-06-29,4521.9912,1843.2728072333716
2017-06-30,4721.977,2108.857844643014
2017-07-01,639.83,1712.6404122208319
2017-07-02,169.192,1896.7919062547344
2017-07-03,6963.4039999999995,2106.59033336931
2017-07-05,476.35400000000004,657.4023401585548
2017-07-06,380.37800000000004,1854.8712096885492
2017-07-07,1620.25,2119.199526519757
2017-07-08,1980.2640000000001,1721.3180476582038
2017-07-09,1671.214,1903.6042821496424
2017-07-10,359.21399999999994,2111.536091890057
2017-07-11,1728.892,1527.8034881057
2017-07-12,3.816,659.3341589925164
2017-07-13,504.542,1855.9599047474937
2017-07-14,3598.9339999999997,2120.041663255403
2017-07-15,2132.229,1722.5834385029457
2017-07-16,316.636,1905.9995987226762
2017-07-17,2191.873,2115.7680191754457
2017-07-18,2106.794,1534.542878454695
2017-07-20,2283.208,1869.4199649534444
2017-07-21,3685.944,2137.4920945210433
2017-07-22,556.3140000000001,1744.2601740802352
2017-07-23,898.188,1931.983434356629
2017-07-24,2399.96,2145.979471176066
2017-07-25,798.742,1568.7445099366278
2017-07-26,2012.3020000000001,706.9888273004715
2017-07-27,1142.68,1910.314143222116
2017-07-28,1170.5639999999999,2180.850267615034
2017-07-29,1391.294,1789.38089220106
2017-07-30,523.376,1978.1225638069109
2017-07-31,1558.028,2192.3888882736765
2017-08-01,2085.65,1614.713366407139
2017-08-03,531.348,1953.6302054033724
2017-08-04,20.07,2222.237922396633
2017-08-05,503.676,1828.6917944345369
2017-08-06,1424.026,2015.4395699273891
2017-08-07,3479.624,2228.052266218551
2017-08-10,1823.0700000000002,1989.185259108074
2017-08-11,708.726,2260.33068914688
2017-08-12,3693.084,1871.0648656855499
2017-08-13,2643.164,2064.0757466502887
2017-08-14,440.736,2285.139643520613
2017-08-15,1949.872,1717.228508506166
2017-08-16,80.564,867.5308976207295
2017-08-17,9517.287999999999,2086.1138115308663
2017-08-18,7078.4839999999995,2375.5431290921433
2017-08-19,512.446,2006.9929841281362
2017-08-20,692.95,2223.008598206218
2017-08-21,8551.054,2469.1550975678997
2017-08-22,524.54,1928.1261836483886
2017-08-23,4590.344,1106.7682090127364
2017-08-24,685.0560000000002,2354.7468105147514
2017-08-25,361.988,2674.1737205334002
2017-08-26,190.66,2335.7239711603447
2017-08-27,6190.538,2581.4078309115303
2017-08-28,1443.6319999999998,2856.229796134552
2017-08-29,235.46800000000002,2342.3082736609776
2017-08-31,3162.83,2816.134851331868
2017-09-01,1261.81,3154.542081438716
2017-09-02,9354.854,2831.2917779359504
2017-09-03,1595.849,3087.9217608577183
2017-09-04,5360.202,3369.018303128648
2017-09-05,327.044,2856.345307674288
2017-09-07,3848.565,3316.5398462107632
2017-09-08,2184.327,3639.7438970219973
2017-09-09,4356.061,3295.6284009037226
2017-09-10,2506.646,3525.790685795167
2017-09-11,5564.006,3774.9673558338686
2017-09-12,491.54999999999995,3225.162216805962
2017-09-13,15.92,2382.6873557298763
2017-09-14,4367.347,3596.8441650089917
2017-09-15,7285.026,3869.561629223843
2017-09-16,849.65,3471.5218510893687
2017-09-17,4979.226,3644.9369863374177
2017-09-18,1511.93,3835.20981092409
2017-09-19,1648.188,3225.051529617852
2017-09-20,7359.918,2321.5121669257164
2017-09-21,338.172,3474.6505348326455
2017-09-22,7871.213,3687.1612970075344
2017-09-23,2395.786,3230.48930068148
2017-09-24,6450.4619999999995,3347.5955298759936
2017-09-25,1412.213,3484.6070729226785
2017-09-26,1486.576,2824.9248659281457
2017-09-28,559.271,2989.2185069559405
2017-09-29,1944.08,3167.073814389221
2017-09-30,540.76,2681.7211480466835
2017-10-01,2978.466,2776.514251463992
2017-10-02,5418.022,2897.8952696393403
2017-10-03,2504.48,2229.49876714873
2017-10-04,19.98,1279.1700426964333
2017-10-05,6684.616,2397.624836153541
2017-10-06,1499.652,2588.0680180735058
2017-10-07,2749.21,2122.301474995733
2017-10-08,608.356,2243.4855605907605
2017-10-09,1496.589,2397.786500061938
2017-10-10,239.358,1768.483485186453
2017-10-12,5635.354,2031.522699182853
2017-10-13,8405.802,2276.7165931450963
2017-10-14,134.332,1869.7480439960468
2017-10-15,1017.94,2053.0985759570876
2017-10-16,3473.5969999999998,2272.2106464285694
2017-10-17,126.352,1709.602808598381
2017-10-19,2781.8702000000003,2108.509821084796
2017-10-20,1333.858,2421.2507220386133
2017-10-21,4537.201,2080.481496548952
2017-10-22,15158.877,2327.8770440931767
2017-10-23,3352.3940000000002,2608.094231958468
2017-10-24,529.0849999999999,2102.897589044624
2017-10-26,999.868,2602.749834029879
2017-10-27,1086.32,2957.768160466644
2017-10-28,408.726,2653.0888165606025
2017-10-29,46.96,2929.942589436555
2017-10-30,4025.7299999999996,3232.6312818459555
2017-10-31,523.928,2742.6605061312653
2017-11-01,2921.43,1965.7869467245603
2017-11-02,6294.386,3250.7067860946127
2017-11-03,4536.937,3598.7024733738226
2017-11-04,10668.096,3279.777633262245
2017-11-05,2355.064,3535.444070151718
2017-11-06,4288.75,3810.3928461017267
2017-11-07,2413.378,3286.6227741011344
2017-11-08,384.1,2470.4813850959367
2017-11-09,4751.492,3711.345074866044
2017-11-10,4007.5480000000002,4011.2556653645706
2017-11-11,1815.2179999999998,3641.04327971617
2017-11-12,2911.386,3843.0996347888968
2017-11-13,6633.4202000000005,4063.033925867927
2017-11-14,834.6579999999999,3483.7848861964503
2017-11-15,559.2,2612.6443635167043
2017-11-16,4755.234,3799.9194415048823
2017-11-17,13694.8828,4048.5506947113445
2017-11-18,1469.756,3630.2168557569453
2017-11-19,7397.272,3788.090395621871
2017-11-20,2988.274,3968.4765968326296
2017-11-21,2236.1839999999997,3354.910106400558
2017-11-22,35.712,2455.164703208326
2017-11-23,1153.109,3619.9036783977194
2017-11-24,4959.641,3852.288755785555
2017-11-25,3666.157,3424.078127112685
2017-11-26,5048.1720000000005,3578.3783473124636
2017-11-27,1618.254,3761.2828538138515
2017-11-28,6912.944,3155.971213449302
2017-11-29,491.888,2269.724875225347
2017-11-30,6645.282,3452.58679358708
2017-12-01,5331.178,3706.9827358222583
2017-12-02,9951.182,3303.8346549682233
2017-12-03,1403.842,3485.3306020786868
2017-12-04,2639.638,3696.583596235245
2017-12-05,1453.136,3119.7531422368565
2017-12-06,10.68,2261.0847004310162
2017-12-07,2916.514,3469.5939492667944
2017-12-08,7643.041,3746.713091473277
2017-12-09,5470.39,3362.4289966392334
2017-12-10,3873.5589999999997,3558.0770536294967
2017-12-11,2823.965,3778.0225538300115
2017-12-13,580.936,2341.1841097321653
2017-12-14,3897.714,3538.861824289782
2017-12-15,306.88800000000003,3798.1171904986377
2017-12-16,858.702,3388.9634941243385
2017-12-17,2027.758,3552.9432741983146
2017-12-18,3645.911,3734.8088481321247
2017-12-19,1895.926,3116.6590954237827
2017-12-20,377.736,2204.987286435467
2017-12-21,2140.94,3349.366435467774
2017-12-22,7442.021,3552.0892372909193
2017-12-23,1926.776,3084.2923670881964
2017-12-24,6233.054,3188.729187856756
2017-12-25,2698.927,3311.423040793609
2017-12-26,814.5939999999999,2635.774762923422
2017-12-27,177.636,1669.5798941418916
2017-12-28,1657.3508000000002,2763.6827762506996
2017-12-29,2915.534,2921.5853569973183
2017-12-30,713.7900000000001,2415.5412448356096
